/*
SQLyog Enterprise v12.09 (64 bit)
MySQL - 10.4.11-MariaDB : Database - sig_miskin
*********************************************************************
*/

/*!40101 SET NAMES utf8 */;

/*!40101 SET SQL_MODE=''*/;

/*!40014 SET @OLD_UNIQUE_CHECKS=@@UNIQUE_CHECKS, UNIQUE_CHECKS=0 */;
/*!40014 SET @OLD_FOREIGN_KEY_CHECKS=@@FOREIGN_KEY_CHECKS, FOREIGN_KEY_CHECKS=0 */;
/*!40101 SET @OLD_SQL_MODE=@@SQL_MODE, SQL_MODE='NO_AUTO_VALUE_ON_ZERO' */;
/*!40111 SET @OLD_SQL_NOTES=@@SQL_NOTES, SQL_NOTES=0 */;
CREATE DATABASE /*!32312 IF NOT EXISTS*/`sig_miskin` /*!40100 DEFAULT CHARACTER SET utf8mb4 */;

USE `sig_miskin`;

/*Table structure for table `tb_desa` */

DROP TABLE IF EXISTS `tb_desa`;

CREATE TABLE `tb_desa` (
  `id_desa` int(11) NOT NULL AUTO_INCREMENT,
  `id_kecamatan` int(11) DEFAULT NULL,
  `nama_desa` varchar(100) DEFAULT NULL,
  PRIMARY KEY (`id_desa`),
  KEY `id_kecamatan` (`id_kecamatan`),
  CONSTRAINT `tb_desa_ibfk_1` FOREIGN KEY (`id_kecamatan`) REFERENCES `tb_kecamatan` (`id_kecamatan`)
) ENGINE=InnoDB AUTO_INCREMENT=719 DEFAULT CHARSET=utf8mb4;

/*Data for the table `tb_desa` */

insert  into `tb_desa`(`id_desa`,`id_kecamatan`,`nama_desa`) values (1,1,'	\r\nAbiansemal'),(2,1,'Angantaka'),(3,1,'Ayunan'),(4,1,'Blahkiuh'),(5,1,'Bongkasa'),(6,1,'Bongkasa Pertiwi'),(7,1,'Darmasaba'),(8,1,'Dauh Yeh cani'),(9,1,'Jagapati'),(10,1,'Mambal'),(11,1,'Mekar Bhuana'),(12,1,'Punggul'),(13,1,'Sangeh'),(14,1,'Sedang'),(15,1,'Selat'),(16,1,'Sibang Gede'),(17,1,'Sibang Kaja'),(18,1,'Taman'),(19,2,'Kedonganan'),(20,2,'Tuban'),(21,2,'Kuta'),(22,2,'Legian'),(23,2,'Seminyak'),(24,3,'Pecatu'),(25,3,'Ungasan'),(26,3,'Kutuh'),(27,3,'Benoa'),(28,3,'Tanjung Benoa'),(29,3,'Jimbaran'),(30,4,'Canggu'),(31,4,'Dalung'),(32,4,'Tibubeneng'),(33,4,'Kerobokan'),(34,4,'Kerobokan Kelod'),(35,4,'Kerobokan Kaja'),(36,5,'Baha'),(37,5,'Buduk'),(38,5,'Cemagi'),(39,5,'Gulingan'),(40,5,'Kekeran'),(41,5,'Kuwum'),(42,5,'Mengwi'),(43,5,'Mengwitani'),(44,5,'Munggu'),(45,5,'Penarungan'),(46,5,'Pererenan'),(47,5,'Sembung'),(48,5,'Sobangan'),(49,5,'Tumbak Bayuh'),(50,5,'Werdi Bhuwana'),(51,5,'Abianbase'),(52,5,'Kapal'),(53,5,'Lukluk'),(54,5,'Sading'),(55,5,'Sempidi'),(56,6,'Belok'),(57,6,'Carangsari'),(58,6,'Getasan'),(59,6,'Pangsan'),(60,6,'Pelaga'),(61,6,'Petang'),(62,6,'Sulangai'),(63,7,'	\r\nBunutin'),(64,7,'Kayubihi'),(65,7,'Landih'),(66,7,'Pengotan'),(67,7,'Taman Bali'),(68,7,'Bebalang'),(69,7,'Cempaga'),(70,7,'Kawan'),(71,7,'Kubu'),(72,8,'Abangsongan'),(73,8,'Abuan'),(74,8,'Awan'),(75,8,'Bantang'),(76,8,'Banua'),(77,8,'Batudinding'),(78,8,'Batukaang'),(79,8,'Batur Selatan'),(80,8,'Batur Tengah'),(81,8,'Batur Utara'),(82,8,'Bayungcerik'),(83,8,'Bayung Gede'),(84,8,'Belancan'),(85,8,'Belandingan'),(86,8,'Belanga'),(87,8,'Belantih'),(88,8,'Binyan'),(89,8,'Bonyoh'),(90,8,'Buahan'),(91,8,'Bunutin'),(92,8,'Catur'),(93,8,'Daup'),(94,8,'Dausa'),(95,8,'Gunungbau'),(96,8,'Katung'),(97,8,'Kedisan'),(98,8,'Kintamani'),(99,8,'Kutuh'),(100,8,'Langgahan'),(101,8,'Lembean'),(102,8,'Mangguh'),(103,8,'Manikliyu'),(104,8,'Mengani'),(105,8,'Pengejaran'),(106,8,'Pinggan'),(107,8,'Satra'),(108,8,'Sekaan'),(109,8,'Sekardadi'),(110,8,'Selulung'),(111,8,'Serai'),(112,8,'Siakin'),(113,8,'Songan A'),(114,8,'Songan B'),(115,8,'Subaya'),(116,8,'Sukawana'),(117,8,'Suter'),(118,8,'Terunyan'),(120,8,'Ulian'),(121,9,'	\r\nAbuan'),(122,9,'Apuan'),(123,9,'Demulih'),(124,9,'Pengiangan'),(125,9,'Penglumbaran'),(126,9,'Selat'),(127,9,'Sulahan'),(128,9,'Susut'),(129,9,'Tiga'),(130,10,'Bangbang'),(131,10,'Jehem'),(132,10,'Peninjoan'),(133,10,'Tembuku'),(134,10,'Undisan'),(135,10,'Yangapi'),(136,11,'Banjar'),(137,11,'Banjar Tegeha'),(138,11,'Banyuatis'),(139,11,'Banyuseri'),(140,11,'Cempaga'),(141,11,'Dencarik'),(142,11,'Gesing'),(143,11,'Gobleg'),(144,11,'Kaliasem'),(145,11,'Kayuputih'),(146,11,'Munduk'),(147,11,'Pedawa'),(148,11,'Sidetapa'),(149,11,'Tampekan'),(150,11,'Temukus'),(151,11,'Tigawasa'),(152,11,'Tirtasari'),(153,12,'Alasangker'),(154,12,'Anturan'),(155,12,'Bakti Seraga'),(156,12,'Jinengdalem'),(157,12,'Kalibukbuk'),(158,12,'Nagasepaha'),(159,12,'Pemaron'),(160,12,'Penglatan'),(161,12,'Petandakan'),(162,12,'Poh Bergong'),(163,12,'Sari Mekar'),(164,12,'Tukadmungga'),(165,12,'Astina'),(166,12,'Banjar Bali'),(167,12,'Banjar Jawa'),(168,12,'Banjar Tegal'),(169,12,'Banyuasri'),(170,12,'Banyuning'),(171,12,'Beratan'),(172,12,'Kaliuntu'),(173,12,'Kampung Anyar'),(174,12,'Kampung Baru'),(175,12,'Kampung Bugis'),(176,12,'Kampung Kajanan'),(177,12,'Kampung Singaraja'),(178,12,'Kendran'),(179,12,'Liligundi'),(180,12,'Paket Agung'),(181,12,'Penarukan'),(182,13,'Bengkel'),(183,13,'Bongancina'),(184,13,'Busung Biu'),(185,13,'Kedis'),(186,13,'Kekeran'),(187,13,'Pelapuan'),(188,13,'Pucaksari'),(189,13,'Sepang'),(190,13,'Sepang Kelod'),(191,13,'Subuk'),(192,13,'Telaga'),(193,13,'Tinggarsari'),(194,13,'Tista'),(195,13,'Titab'),(196,13,'Umejero'),(197,14,'Banyupoh'),(198,14,'Celukanbawang'),(199,14,'Gerokgak'),(200,14,'Musi'),(201,14,'Patas'),(202,14,'Pejarakan'),(203,14,'Pemuteran'),(204,14,'Pengulon'),(205,14,'Penyabangan'),(206,14,'Sanggalangit'),(207,14,'Sumberklampok'),(208,14,'Sumberklima'),(209,14,'Tinga-Tinga'),(210,14,'Tukadsumaga'),(211,15,'Bengkala'),(212,15,'Bila'),(213,15,'Bontihing'),(214,15,'Bukti'),(215,15,'Bulian'),(216,15,'Depeha'),(217,15,'Kubutambahan'),(218,15,'Mengening'),(219,15,'Pakisan'),(220,15,'Tajun'),(221,15,'Tambakan'),(222,15,'Tamblang'),(223,15,'Tunjung'),(224,16,'Bebetin'),(225,16,'Bungkulan'),(226,16,'Galungan'),(227,16,'Giri Emas'),(228,16,'Jagaraga'),(229,16,'Kerobokan'),(230,16,'Lemukih'),(231,16,'Menyali'),(232,16,'Sangsit'),(233,16,'Sawan'),(234,16,'Sekumpul'),(235,16,'Sinabun'),(236,16,'Sudaji'),(237,16,'Suwug'),(238,17,'Banjar Asem'),(239,17,'Bestala'),(240,17,'Bubunan'),(241,17,'Gunungsari'),(242,17,'Joanyar'),(243,17,'Kalianget'),(244,17,'Kalisada'),(245,17,'Lokapaksa'),(246,17,'Mayong'),(247,17,'Munduk Bestala'),(248,17,'Pangkung Paruk'),(249,17,'Patemon'),(250,17,'Pengastulan'),(251,17,'Rangdu'),(252,17,'Ringdikit'),(253,17,'Sulanyah'),(254,17,'Tangguwisia'),(255,17,'Ularan'),(256,17,'Umeanyar'),(257,17,'Unggahan'),(258,17,'Seririt'),(259,18,'Ambengan'),(260,18,'Git Git'),(261,18,'Kayu Putih'),(262,18,'Padang Bulia'),(263,18,'Pancasari'),(264,18,'Panji'),(265,18,'Panji Anom'),(266,18,'Pegadungan'),(267,18,'Pegayaman'),(268,18,'Sambangan'),(269,18,'Selat'),(270,18,'Silangjana'),(271,18,'Tegal Linggah'),(272,18,'Wanagiri'),(273,18,'Sukasada'),(274,19,'Bondalem'),(275,19,'Julah'),(276,19,'Les'),(277,19,'Madenan'),(278,19,'Pacung'),(279,19,'Penuktukan'),(280,19,'Sambirenteng'),(281,19,'Sembiran'),(282,19,'Tejakula'),(283,19,'Tembok'),(284,20,'Bedulu'),(285,20,'Belega'),(286,20,'Blahbatuh'),(287,20,'Bona'),(288,20,'Buruan'),(289,20,'Keramas'),(290,20,'Medahan'),(291,20,'Pering'),(292,20,'Saba'),(293,21,'Bakbakan'),(294,21,'Lebih'),(295,21,'Petak'),(296,21,'Petak Kaja'),(297,21,'Serongga'),(298,21,'Siangan'),(299,21,'Sidan'),(300,21,'Sumita'),(301,21,'Suwat'),(302,21,'Tegal Tugu'),(303,21,'Temesi'),(304,21,'Tulikup'),(305,21,'Abianbase'),(306,21,'Beng'),(307,21,'Bitera'),(308,21,'Gianyar'),(309,21,'Samplangan'),(310,22,'Bresela'),(311,22,'Buahan'),(312,22,'Buahan Kaja'),(313,22,'Bukian'),(314,22,'Kelusa'),(315,22,'Kerta'),(316,22,'Melinggih'),(317,22,'Melinggih Kelod'),(318,22,'Puhu'),(319,23,'Batuan'),(320,23,'Batuan Kaler'),(321,23,'Batubulan'),(322,23,'Batubulan Kangin'),(323,23,'Celuk'),(324,23,'Guwang'),(325,23,'Kemenuh'),(326,23,'Ketewel'),(327,23,'Singapadu'),(328,23,'Singapadu Kaler'),(329,23,'Singapadu Tengah'),(330,23,'Sukawati'),(331,25,'Kedisan'),(332,25,'Keliki'),(333,25,'Kendran'),(334,25,'Pupuan'),(335,25,'Sebatu'),(336,25,'Taro'),(337,25,'Tegallalang'),(338,26,'Kedewatan'),(339,26,'Lodtunduh'),(340,26,'Mas'),(341,26,'Peliatan'),(342,26,'Petulu'),(343,26,'Sayan'),(344,26,'Singakerta'),(345,26,'Ubud'),(346,32,'Ababi'),(347,32,'Abang'),(348,32,'Bunutan'),(349,32,'Culik'),(350,32,'Datah'),(351,32,'Kerta Mandala'),(352,32,'Kesimpar'),(353,32,'Labasari'),(354,32,'Nawa Kerthi'),(355,32,'Pidpid'),(356,32,'Purwakerti'),(357,32,'Tista'),(358,32,'Tiyingtali'),(359,32,'Tri Bhuana'),(360,33,'Bebandem'),(361,33,'Buana Giri'),(362,33,'Budakeling'),(363,33,'Bungaya'),(364,33,'Bungaya Kangin'),(365,33,'Jungutan'),(366,33,'Macang'),(367,33,'Sibetan'),(368,34,'Bugbug'),(369,34,'Bukit'),(370,34,'Pertima'),(371,34,'Seraya Barat'),(372,34,'Seraya Tengah'),(373,34,'Seraya Timur'),(374,34,'Tegallinggah'),(375,34,'Tumbu'),(376,34,'Subagan'),(377,34,'Padang Kerta'),(378,34,'Karangasem'),(379,36,'Antiga'),(380,36,'Antiga Kelod'),(381,36,'Gegelang'),(382,36,'Manggis'),(383,36,'Ngis'),(384,36,'Nyuhtebel'),(385,36,'Padangbai'),(386,36,'Pesedahan'),(387,36,'Selumbung'),(388,36,'Sengkidu'),(389,36,'Tenganan'),(390,36,'Ulakan'),(391,37,'Besakih'),(392,37,'Menanga'),(393,37,'Nongan'),(394,37,'Pempatan'),(395,37,'Pesaban'),(396,37,'Rendang'),(397,38,'Amertha Buana'),(398,38,'Duda'),(399,38,'Duda Timur'),(400,38,'Duda Utara'),(401,38,'Muncan'),(402,38,'Pering Sari'),(403,38,'Sebudi'),(404,38,'Selat'),(405,39,'Kertha Buana'),(406,39,'Lokasari'),(407,39,'Sangkan Gunung'),(408,39,'Sidemen'),(409,39,'Sindu Wati'),(410,39,'Talibeng'),(411,39,'Tangkup'),(412,39,'Telaga Tawang'),(413,39,'Tri Eka Buana'),(414,39,'Wisma Kerta'),(415,40,'Aan'),(416,40,'Bakas'),(417,40,'Banjarangkan'),(418,40,'Bungbungan'),(419,40,'Getakan'),(420,40,'Negari'),(421,40,'Nyalian'),(422,40,'Nyanglan'),(423,40,'Takmung'),(424,40,'Tihingan'),(425,40,'Timuhun'),(426,40,'Tohpati'),(427,40,'Tusan'),(428,41,'Besan'),(429,41,'Dawan Kaler'),(430,41,'Dawan Klod'),(431,41,'Gunaksa'),(432,41,'Kampung Kusamba'),(433,41,'Kusamba'),(434,41,'Paksebali'),(435,41,'Pesinggahan'),(436,41,'Pikat'),(437,41,'Sampalan Klod'),(438,41,'Sampalan Tengah'),(439,41,'Sulang'),(440,42,'Akah'),(441,42,'Gelgel'),(442,42,'Jumpai'),(443,42,'Kamasan'),(444,42,'Kampung Gelgel'),(445,42,'Manduang'),(446,42,'Satra'),(447,42,'Selat'),(448,42,'Selisihan'),(449,42,'Tangkas'),(450,42,'Tegak'),(451,42,'Tojan'),(452,42,'Semarapura Kaja'),(453,42,'Semarapura Kangin'),(454,42,'Semarapura Kauh'),(455,42,'Semarapura Klod'),(456,42,'Semarapura Klod Kangin'),(457,42,'Semarapura Tengah'),(458,43,'Batukandik'),(459,43,'Batumadeg'),(460,43,'Batununggul'),(461,43,'Bunga Mekar'),(462,43,'Jungutbatu'),(463,43,'Kampung Toyapakeh'),(464,43,'Klumpu'),(465,43,'Kutampi'),(466,43,'Kutampi Kaler'),(467,43,'Lembongan'),(468,43,'Ped'),(469,43,'Pejukutan'),(470,43,'Sakti'),(471,43,'Sekartaji'),(472,43,'Suana'),(473,43,'Tanglad'),(474,44,'Angseri'),(475,44,'Antapan'),(476,44,'Apuan'),(477,44,'Bangli'),(478,44,'Batunya'),(479,44,'Baturiti'),(480,44,'Candikuning'),(481,44,'Luwus'),(482,44,'Mekarsari'),(483,44,'Perean'),(484,44,'Perean Kangin'),(485,44,'Perean Tengah'),(486,24,'Manukaya'),(487,24,'Pejeng'),(488,24,'Pejeng Kaja'),(489,24,'Pejeng Kangin'),(490,24,'Pejeng Kawan'),(491,24,'Pejeng Kelod'),(492,24,'Sanding'),(493,24,'Tampaksiring'),(494,27,'Air Kuning'),(495,27,'Batuagung'),(496,27,'Budeng'),(497,27,'Dangintukadaya'),(498,27,'Perancak'),(499,27,'Yeh Kuning'),(500,27,'Dauhwaru'),(501,27,'Loloan Timur'),(502,27,'Pendem'),(503,27,'Sangkaragung'),(504,28,'Blimbing Sari'),(505,28,'Candikusuma'),(506,28,'Ekasari'),(507,28,'Manistutu'),(508,28,'Melaya'),(509,28,'Nusasari'),(510,28,'Tukadaya'),(511,28,'Tuwed'),(512,28,'Warnasari'),(513,28,'Gilimanuk'),(514,29,'	\r\nDelod Berawah'),(515,29,'Mendoyo Dangin Tukad'),(516,29,'Mendoyo Dauh Tukad'),(517,29,'Penyaringan'),(518,29,'Pergung'),(519,29,'Pohsanten'),(520,29,'Yeh Embang'),(521,29,'Yeh Embang Kangin'),(522,29,'Yeh Embang Kauh'),(523,29,'Yeh Sumbul'),(524,29,'Tegal Cangkring'),(525,30,'Baluk'),(526,30,'Banyubiru'),(527,30,'Berangbang'),(528,30,'Cupel'),(529,30,'Kaliakah'),(530,30,'Pengambengan'),(531,30,'Tegal Badeng Barat'),(532,30,'Tegal Badeng Timur'),(533,30,'Baler Bale Agung'),(534,30,'Banjar Tengah'),(535,30,'Lelateng'),(536,30,'Loloan Barat'),(537,31,'Asahduren'),(538,31,'Gumbrih'),(539,31,'Manggissari'),(540,31,'Medewi'),(541,31,'Pangyangan'),(542,31,'Pekutatan'),(543,31,'Pengragoan'),(544,31,'Pulukan'),(545,35,'Ban'),(546,35,'Baturinggit'),(547,35,'Dukuh'),(548,35,'Kubu'),(549,35,'Sukadana'),(550,35,'Tianyar'),(551,35,'Tianyar Barat'),(552,35,'Tianyar Tengah'),(553,35,'Tulamben'),(554,45,'Abian Tuwung'),(555,45,'Banjar Anyar'),(556,45,'Belalang'),(557,45,'Bengkel'),(558,45,'Beraban'),(559,45,'Buwit'),(560,45,'Cepaka'),(561,45,'Kaba-kaba'),(562,45,'Kediri'),(563,45,'Nyambu'),(564,45,'Nyitdah'),(565,45,'Pandak Bandung'),(566,45,'Pandak Gede'),(567,45,'Pangkung Tibah'),(568,45,'Pejaten'),(569,46,'Batuaji'),(570,46,'Baturiti'),(571,46,'Belumbang'),(572,46,'Kelating'),(573,46,'Kerambitan'),(574,46,'Kesiut'),(575,46,'Kukuh'),(576,46,'Meliling'),(577,46,'Pangkung Karung'),(578,46,'Penarukan'),(579,46,'Samsam'),(580,46,'Sembung Gede'),(581,46,'Tibubiu'),(582,46,'Timpag'),(583,46,'Tista'),(584,47,'Baru'),(585,47,'Batannyuh'),(586,47,'Beringkit'),(587,47,'Cau Belayu'),(588,47,'Geluntung'),(589,47,'Kukuh'),(590,47,'Kuwum'),(591,47,'Marga'),(592,47,'Marga Dajan Puri'),(593,47,'Marga Dauh Puri'),(594,47,'Payangan'),(595,47,'Peken'),(596,47,'Petiga'),(597,47,'Selanbawak'),(598,47,'Tegaljadi'),(599,47,'Tua'),(600,48,'Babahan'),(601,48,'Biaung'),(602,48,'Buruan'),(603,48,'Jatiluwih'),(604,48,'Jegu'),(605,48,'Mengesta'),(606,48,'Penatahan'),(607,48,'Penebel'),(608,48,'Pesagi'),(609,48,'Pitra'),(610,48,'Rejasa'),(611,48,'Rianggede'),(612,48,'Sangketan'),(613,48,'Senganan'),(614,48,'Tajen'),(615,48,'Tegallinggah'),(616,48,'Tengkudak'),(617,48,'Wongaya Gede'),(618,49,'Bantiran'),(619,49,'Batungsel'),(620,49,'Belatungan'),(621,49,'Belimbing'),(622,49,'Jelijih Punggang'),(623,49,'Karya Sari'),(624,49,'Kebon Padangan'),(625,49,'Munduk Temu'),(626,49,'Padangan'),(627,49,'Pajahan'),(628,49,'Pujungan'),(629,49,'Pupuan'),(630,49,'Sai'),(631,49,'Sanda'),(632,50,'Antap'),(633,50,'Bajera'),(634,50,'Bajera Utara'),(635,50,'Berembeng'),(636,50,'Manikyang'),(637,50,'Pupuan Sawah'),(638,50,'Selemadeg'),(639,50,'Serampingan'),(640,50,'Wanagiri'),(641,50,'Wanagiri Kauh'),(642,51,'Angkah'),(643,51,'Antosari'),(644,51,'Bengkel Sari'),(645,51,'Lalang Linggah'),(646,51,'Lumbung'),(647,51,'Lumbung Kauh51'),(648,51,'Mundeh'),(649,51,'Mundeh Kangin'),(650,51,'Mundeh Kauh'),(651,51,'Selabih'),(652,51,'Tiying Gading'),(653,52,'Bantas'),(654,52,'Beraban'),(655,52,'Dalang'),(656,52,'Gadungan'),(657,52,'Gadung Sari'),(658,52,'Gunung Salak'),(659,52,'Mambang'),(660,52,'Megati'),(661,52,'Tangguntiti'),(662,52,'Tegal Mengkeb'),(663,53,'Bongan'),(664,53,'Buahan'),(665,53,'Dajan Peken'),(666,53,'Dauh Peken'),(667,53,'Delod Peken'),(668,53,'Denbantas'),(669,53,'Gubug'),(670,53,'Sesandan'),(671,53,'Subamia'),(672,53,'Sudimara'),(673,53,'Tunjuk'),(674,53,'Wanasari'),(675,54,'Dauh Puri Kangin'),(676,54,'Dauh Puri Kauh'),(677,54,'Dauh Puri Klod'),(678,54,'Padang Sambian Kaja'),(679,54,'Padang Sambian Klod'),(680,54,'Pemecutan Klod'),(681,54,'Tegal Harum'),(682,54,'Tegal Kerta'),(683,54,'Dauh Puri'),(684,54,'Padang Sambian'),(685,54,'Pemecutan'),(686,55,'Pemogan'),(687,55,'Sanur Kaja'),(688,55,'Sanur Kauh'),(689,55,'Sidakarya'),(690,55,'Panjer'),(691,55,'Pedungan'),(692,55,'Renon'),(693,55,'Sanur'),(694,55,'Serangan'),(695,55,'Sesetan'),(696,56,'Dangin Puri Klod'),(697,56,'Kesiman Kertalangu'),(698,56,'Kesiman Petilan'),(699,56,'Penatih Dangin Puri'),(700,56,'Sumerta Kaja'),(701,56,'Sumerta Kauh'),(702,56,'Sumerta Klod/Kelod'),(703,56,'Dangin Puri'),(704,56,'Kesiman'),(705,56,'Penatih'),(706,56,'Sumerta'),(707,57,'Dangin Puri Kaja'),(708,57,'Dangin Puri Kangin'),(709,57,'Dangin Puri Kauh'),(710,57,'Dauh Puri Kaja'),(711,57,'Peguyangan Kaja'),(712,57,'Peguyangan Kangin'),(713,57,'Pemecutan Kaja'),(714,57,'Ubung Kaja'),(715,57,'Peguyangan'),(716,57,'Tonja'),(717,57,'Ubung'),(718,57,NULL);

/*Table structure for table `tb_kabkot` */

DROP TABLE IF EXISTS `tb_kabkot`;

CREATE TABLE `tb_kabkot` (
  `id_kabkot` int(11) NOT NULL AUTO_INCREMENT,
  `nama_kabkot` varchar(100) DEFAULT NULL,
  PRIMARY KEY (`id_kabkot`)
) ENGINE=InnoDB AUTO_INCREMENT=10 DEFAULT CHARSET=utf8mb4;

/*Data for the table `tb_kabkot` */

insert  into `tb_kabkot`(`id_kabkot`,`nama_kabkot`) values (1,'Kab. Badung'),(2,'	Kab. Bangli'),(3,'Kab. Buleleng'),(4,'Kab. Gianyar'),(5,'Kab. Jembrana'),(6,'	Kab. Karangasem'),(7,'	Kab. Klungkung'),(8,'	Kab. Tabanan'),(9,'Kota Denpasar');

/*Table structure for table `tb_kecamatan` */

DROP TABLE IF EXISTS `tb_kecamatan`;

CREATE TABLE `tb_kecamatan` (
  `id_kecamatan` int(11) NOT NULL AUTO_INCREMENT,
  `id_kabkot` int(11) DEFAULT NULL,
  `nama_kecamatan` varchar(100) DEFAULT NULL,
  PRIMARY KEY (`id_kecamatan`),
  KEY `id_kabkot` (`id_kabkot`),
  CONSTRAINT `tb_kecamatan_ibfk_1` FOREIGN KEY (`id_kabkot`) REFERENCES `tb_kabkot` (`id_kabkot`)
) ENGINE=InnoDB AUTO_INCREMENT=59 DEFAULT CHARSET=utf8mb4;

/*Data for the table `tb_kecamatan` */

insert  into `tb_kecamatan`(`id_kecamatan`,`id_kabkot`,`nama_kecamatan`) values (1,1,'Abiansemal'),(2,1,'Kuta'),(3,1,'	Kuta Selatan'),(4,1,'	Kuta Utara'),(5,1,'Mengwi'),(6,1,'	Petang'),(7,2,'Bangli'),(8,2,'	Kintamani'),(9,2,'	Susut'),(10,2,'	Tembuku'),(11,3,'Banjar'),(12,3,'Buleleng'),(13,3,'	Busung Biu'),(14,3,'Gerokgak'),(15,3,'	Kubutambahan'),(16,3,'	Sawan'),(17,3,'	Seririt'),(18,3,'	Sukasada'),(19,3,'	Tejakula'),(20,4,'Blahbatuh'),(21,4,'	Gianyar'),(22,4,'	Payangan'),(23,4,'	Sukawati'),(24,4,'Tampaksiring'),(25,4,'	Tegallalang'),(26,4,'	Ubud'),(27,5,'Jembrana'),(28,5,'	Melaya'),(29,5,'Mendoyo'),(30,5,'	Negara'),(31,5,'Pekutatan'),(32,6,'Abang'),(33,6,'Bebandem'),(34,6,'	Karangasem'),(35,6,'	Kubu'),(36,6,'Manggis'),(37,6,'	Rendang'),(38,6,'	Selat'),(39,6,'	Sidemen'),(40,7,'Banjarangkan'),(41,7,'	Dawan'),(42,7,'	Klungkung'),(43,7,'	Nusa Penida'),(44,8,'Baturiti'),(45,8,'	Kediri'),(46,8,'Kerambitan'),(47,8,'Marga'),(48,8,'	Penebel'),(49,8,'	Pupuan'),(50,8,'	Selemadeg'),(51,8,'Selemadeg Barat'),(52,8,'	Selemadeg Timur	'),(53,8,'	Tabanan'),(54,9,'	Denpasar Barat'),(55,9,'	Denpasar Selatan'),(56,9,'Denpasar Timur'),(57,9,'	Denpasar Utara');

/*!40101 SET SQL_MODE=@OLD_SQL_MODE */;
/*!40014 SET FOREIGN_KEY_CHECKS=@OLD_FOREIGN_KEY_CHECKS */;
/*!40014 SET UNIQUE_CHECKS=@OLD_UNIQUE_CHECKS */;
/*!40111 SET SQL_NOTES=@OLD_SQL_NOTES */;
